PACKET_ID,TIME_MS,PRESS_HPA,TEMP_C,BARO_ALT,VERT_VEL,AX,AY,AZ,GX,GY,GZ,GPS_FIX,GPS_LAT,GPS_LON,GPS_ALT,GPS_SATS,APOGEE_TRIGGERED,RSSI,SNR
20,4818,1012.34,33.84,-0.05,-0.68,-0.69,-0.37,0.79,-2.22,0.17,6.79,0,0.0,0.0,0.0,0,0,-1,0.0
40,5326,1012.34,33.85,-0.07,-0.98,-0.7,-0.28,0.73,1.38,0.6,9.96,0,0.0,0.0,0.0,0,0,-1,0.0
60,5826,1012.34,33.85,-0.05,-0.98,-0.71,-0.45,0.82,-5.02,1.51,10.26,0,0.0,0.0,0.0,0,0,-1,0.0
80,6336,1012.36,33.86,-0.27,-0.88,-0.75,-0.31,0.84,-0.45,5.66,4.47,0,0.0,0.0,0.0,0,0,-1,0.0
100,6836,1012.53,33.86,-1.66,-1.76,-0.79,-0.13,0.99,-0.2,3.52,-3.76,0,0.0,0.0,0.0,0,0,-1,0.0
120,7349,1012.44,33.87,-0.89,-1.23,-0.95,-0.07,0.99,5.77,-4.16,-49.68,0,0.0,0.0,0.0,0,0,-1,0.0
140,7849,1012.32,33.87,0.1,-0.49,-0.94,-0.05,0.66,-1.36,-0.75,11.12,0,0.0,0.0,0.0,0,0,-1,0.0
160,8359,1012.4,33.88,-0.54,-1.01,-0.91,-0.08,0.75,-1.55,6.14,4.84,0,0.0,0.0,0.0,0,0,-1,0.0
180,8859,1012.36,33.88,-0.2,-0.9,-0.95,-0.11,0.83,-0.33,-2.33,1.91,0,0.0,0.0,0.0,0,0,-1,0.0
200,9369,1012.36,33.89,-0.24,-0.94,-1.0,-0.08,0.83,1.81,2.18,12.46,0,0.0,0.0,0.0,0,0,-1,0.0
220,9869,1012.38,33.88,-0.37,-1.17,-0.94,-0.14,0.84,-1.91,-4.47,7.21,0,0.0,0.0,0.0,0,0,-1,0.0
240,10378,1012.34,33.88,-0.04,-1.01,-0.97,-0.09,0.81,5.41,-1.66,20.2,0,0.0,0.0,0.0,0,0,-1,0.0
260,10878,1012.37,33.88,-0.36,-0.94,-0.96,-0.07,0.86,4.12,7.0,7.64,0,0.0,0.0,0.0,0,0,-1,0.0
280,11386,1012.5,33.89,-1.37,-1.48,-1.03,-0.11,0.82,3.21,-1.29,9.65,0,0.0,0.0,0.0,0,0,-1,0.0
300,11886,1012.35,33.89,-0.15,-0.44,-1.05,-0.04,0.81,1.26,2.42,3.37,0,0.0,0.0,0.0,0,0,-1,0.0
320,12392,1012.69,33.9,-2.98,-3.13,-0.98,-0.07,0.89,3.21,3.77,9.35,0,0.0,0.0,0.0,0,0,-1,0.0
340,12892,1012.35,33.89,-0.14,-0.57,-1.09,-0.02,0.79,0.41,3.4,7.4,0,0.0,0.0,0.0,0,0,-1,0.0
360,13405,1012.34,33.89,-0.05,-0.88,-1.07,-0.04,0.78,5.89,0.78,7.76,0,0.0,0.0,0.0,0,0,-1,0.0
380,13905,1012.37,33.9,-0.33,-1.53,-1.07,-0.05,0.77,3.21,1.02,6.66,0,0.0,0.0,0.0,0,0,-1,0.0
400,14417,1012.34,33.9,-0.07,-1.32,-1.08,-0.05,0.75,1.38,0.9,7.03,0,0.0,0.0,0.0,0,0,-1,0.0
420,14917,1012.36,33.9,-0.27,-1.28,-1.07,-0.06,0.74,1.38,1.02,8.01,0,0.0,0.0,0.0,0,0,-1,0.0
440,15428,1012.34,33.9,-0.1,-1.36,-1.09,-0.05,0.76,1.99,2.85,7.15,0,0.0,0.0,0.0,0,0,-1,0.0
460,15928,1012.38,33.9,-0.44,-1.59,-1.06,-0.06,0.76,0.95,-0.14,7.88,0,0.0,0.0,0.0,0,0,-1,0.0
480,16438,1012.34,33.9,-0.1,-1.66,-1.09,-0.01,0.72,1.44,0.41,7.21,0,0.0,0.0,0.0,0,0,-1,0.0
500,16939,1012.33,33.9,0.02,-1.51,-1.05,-0.03,0.77,0.1,-0.14,8.37,0,0.0,0.0,0.0,0,0,-1,0.0
520,17448,1012.36,33.91,-0.28,-1.56,-1.03,-0.05,0.74,0.16,-0.5,8.92,0,0.0,0.0,0.0,0,0,-1,0.0
540,17949,1012.36,33.9,-0.24,-1.34,-1.11,-0.04,0.75,2.36,4.68,4.53,0,0.0,0.0,0.0,0,0,-1,0.0
560,18457,1012.35,33.91,-0.14,-1.35,-1.04,-0.11,0.75,0.95,-3.0,11.79,0,0.0,0.0,0.0,0,0,-1,0.0
580,18959,1012.33,33.91,-0.02,-1.27,-0.99,-0.09,0.78,4.25,2.91,7.58,0,0.0,0.0,0.0,0,0,-1,0.0
600,19466,1012.35,33.92,-0.2,-1.55,-0.69,-0.05,0.7,1.93,-3.61,15.93,0,0.0,0.0,0.0,0,0,-1,0.0
620,19968,1012.32,33.91,0.06,-1.6,-1.07,-0.06,0.78,1.99,2.36,6.85,0,0.0,0.0,0.0,0,0,-1,0.0
640,20474,1012.35,33.91,-0.15,-1.69,-1.05,-0.06,0.74,1.56,1.21,6.85,0,0.0,0.0,0.0,0,0,-1,0.0
660,20976,1012.36,33.91,-0.25,-1.5,-1.07,-0.05,0.74,0.95,1.27,8.13,0,0.0,0.0,0.0,0,0,-1,0.0
680,21481,1012.33,33.91,0.01,-1.07,-1.04,-0.15,0.79,-0.02,-0.08,6.54,0,0.0,0.0,0.0,0,0,-1,0.0
700,21984,1012.35,33.92,-0.18,-1.5,-1.06,-0.05,0.73,-1.97,2.79,6.54,0,0.0,0.0,0.0,0,0,-1,0.0
720,22489,1012.35,33.92,-0.15,-1.37,-1.06,-0.08,0.79,1.32,1.69,10.02,0,0.0,0.0,0.0,0,0,-1,0.0
740,22992,1012.35,33.92,-0.19,-1.42,-1.21,-0.04,0.77,-2.28,3.1,2.09,0,0.0,0.0,0.0,0,0,-1,0.0
760,23496,1012.36,33.91,-0.21,-1.39,-1.09,0.04,0.68,1.32,-4.65,3.25,0,0.0,0.0,0.0,0,0,-1,0.0
780,23999,1012.34,33.92,-0.12,-1.34,-1.09,-0.06,0.75,3.64,-1.42,-1.51,0,0.0,0.0,0.0,0,0,-1,0.0
800,24503,1012.31,33.92,0.17,-1.04,-1.17,-0.12,0.76,1.99,6.39,5.69,0,0.0,0.0,0.0,0,0,-1,0.0
820,25006,1012.35,33.92,-0.17,-1.31,-0.89,-0.1,0.81,-1.06,4.32,-9.43,0,0.0,0.0,0.0,0,0,-1,0.0
840,25510,1012.32,33.92,0.1,-0.77,-0.98,-0.25,0.73,8.52,-3.31,-5.65,0,0.0,0.0,0.0,0,0,-1,0.0
860,26011,1012.31,33.93,0.19,-1.02,-0.59,0.15,0.71,0.77,-2.51,22.7,0,0.0,0.0,0.0,0,0,-1,0.0
880,26511,1012.35,33.93,-0.13,-1.58,-0.87,-0.19,0.79,1.56,1.45,7.58,0,0.0,0.0,0.0,0,0,-1,0.0
900,27011,1012.34,33.93,-0.08,-1.62,-0.9,-0.16,0.74,1.56,1.75,4.96,0,0.0,0.0,0.0,0,0,-1,0.0
920,27511,1012.37,33.93,-0.33,-1.54,-0.87,-0.22,0.77,1.69,3.4,2.95,0,0.0,0.0,0.0,0,0,-1,0.0
940,28011,1012.34,33.93,-0.1,-1.6,-0.92,-0.11,0.74,0.47,0.96,6.73,0,0.0,0.0,0.0,0,0,-1,0.0
960,28511,1012.39,33.93,-0.5,-1.58,-0.92,-0.13,0.74,1.87,1.51,6.66,0,0.0,0.0,0.0,0,0,-1,0.0
980,29011,1012.37,33.93,-0.36,-1.51,-0.87,-0.17,0.74,0.28,2.36,-6.57,0,0.0,0.0,0.0,0,0,-1,0.0
1000,29511,1012.36,33.94,-0.26,-1.34,-0.81,0.09,0.71,-0.63,6.02,-3.03,0,0.0,0.0,0.0,0,0,-1,0.0
1020,30011,1012.37,33.94,-0.32,-1.1,-0.74,-0.12,0.72,3.39,0.17,18.62,0,0.0,0.0,0.0,0,0,-1,0.0
1040,30511,1012.38,33.94,-0.42,-1.45,-0.95,-0.17,0.77,6.69,-0.87,13.55,0,0.0,0.0,0.0,0,0,-1,0.0
1060,31011,1012.38,33.94,-0.45,-1.66,-0.97,-0.16,0.78,2.3,6.27,7.21,0,0.0,0.0,0.0,0,0,-1,0.0
1080,31511,1012.36,33.94,-0.26,-1.2,-1.04,-0.19,0.81,-3.5,2.12,-10.23,0,0.0,0.0,0.0,0,0,-1,0.0
1100,32011,1012.1,33.94,1.89,0.89,-0.8,-0.05,0.83,0.77,-4.65,-5.71,0,0.0,0.0,0.0,0,0,-1,0.0
1120,32511,1012.38,33.94,-0.41,-1.19,-0.93,-0.06,0.76,5.53,4.32,20.75,0,0.0,0.0,0.0,0,0,-1,0.0
1140,33011,1012.36,33.93,-0.24,-2.34,-0.9,-0.09,0.73,2.97,5.29,23.19,0,0.0,0.0,0.0,0,0,-1,0.0
1160,33511,1011.95,33.94,3.14,1.89,-0.87,-0.12,0.76,4.55,2.24,-3.03,0,0.0,0.0,0.0,0,0,-1,0.0
1180,34011,1012.38,33.94,-0.37,-1.91,-0.9,-0.16,0.82,1.14,-0.81,-13.76,0,0.0,0.0,0.0,0,0,-1,0.0
1200,34511,1012.3,33.94,0.27,-2.4,-0.81,-0.21,0.76,-8.25,-0.32,18.19,0,0.0,0.0,0.0,0,0,-1,0.0
1220,35011,1012.33,33.94,0.02,-1.76,-0.9,-0.13,0.78,3.21,10.53,8.13,0,0.0,0.0,0.0,0,0,-1,0.0
1240,35511,1012.31,33.94,0.18,-0.97,-0.83,-0.14,0.77,-2.95,1.88,19.47,0,0.0,0.0,0.0,0,0,-1,0.0
1260,36011,1012.36,33.95,-0.23,-1.22,-0.76,-0.26,0.78,1.38,1.75,12.34,0,0.0,0.0,0.0,0,0,-1,0.0
1280,36511,1012.35,33.94,-0.19,-1.42,-0.72,-0.27,0.76,1.69,1.08,9.41,0,0.0,0.0,0.0,0,0,-1,0.0
1300,37011,1012.33,33.95,0.02,-1.23,-0.79,-0.24,0.78,0.89,1.82,3.8,0,0.0,0.0,0.0,0,0,-1,0.0
1320,37513,1012.36,33.95,-0.22,-1.46,-0.75,-0.24,0.77,1.56,1.88,7.76,0,0.0,0.0,0.0,0,0,-1,0.0
1340,38017,1012.32,33.95,0.09,-1.41,-0.59,-0.33,0.78,0.83,-2.21,31.18,0,0.0,0.0,0.0,0,0,-1,0.0
1360,38521,1012.33,33.95,0.0,-0.78,-0.98,-0.39,1.01,-13.07,16.51,-1.57,0,0.0,0.0,0.0,0,0,-1,0.0
1380,39025,1012.32,33.94,0.12,-0.23,-0.68,-0.37,0.94,-8.8,-6.48,25.38,0,0.0,0.0,0.0,0,0,-1,0.0
1400,39528,1012.35,33.95,-0.14,0.08,-0.42,-0.28,1.06,-13.86,-15.14,41.36,0,0.0,0.0,0.0,0,0,-1,0.0
1420,40032,1012.35,33.95,-0.17,0.07,-0.88,-0.47,0.78,-5.87,3.89,-10.16,0,0.0,0.0,0.0,0,0,-1,0.0
1440,40536,1012.33,33.95,0.03,0.53,-0.79,-0.47,1.21,-11.97,16.33,-2.18,0,0.0,0.0,0.0,0,0,-1,0.0
1460,41041,1012.27,33.94,0.5,1.11,-0.83,-0.39,1.27,-5.69,13.71,-7.73,0,0.0,0.0,0.0,0,0,-1,0.0
1480,41550,1012.32,33.95,0.13,1.61,-0.9,-0.46,1.45,-11.48,12.3,4.04,0,0.0,0.0,0.0,0,0,-1,0.0
1500,42055,1012.32,33.94,0.08,2.09,-0.87,-0.38,1.47,0.47,8.58,20.14,0,0.0,0.0,0.0,0,0,-1,0.0
1520,42561,1012.3,33.95,0.3,2.57,-0.94,-0.52,1.55,-8.31,21.88,-2.66,0,0.0,0.0,0.0,0,0,-1,0.0
1540,43067,1012.26,33.94,0.57,3.13,-1.07,-0.67,1.6,-5.2,15.23,24.16,0,0.0,0.0,0.0,0,0,-1,0.0
1560,43572,1012.3,33.94,0.27,3.22,-1.26,-0.75,1.67,-2.46,33.1,23.68,0,0.0,0.0,0.0,0,0,-1,0.0
1580,44078,1012.29,33.95,0.25,3.4,-1.42,-0.81,1.81,-6.42,9.56,23.86,0,0.0,0.0,0.0,0,0,-1,0.0
1600,44582,1012.3,33.95,0.26,3.77,-1.35,-0.9,1.98,0.34,8.46,9.53,0,0.0,0.0,0.0,0,0,-1,0.0
1620,45089,1012.41,33.95,-0.65,3.18,-1.39,-0.77,1.67,1.62,-9.65,18.01,0,0.0,0.0,0.0,0,0,-1,0.0
1640,45592,1012.2,33.95,1.11,4.58,-1.39,-0.87,1.81,-12.03,-14.34,24.9,0,0.0,0.0,0.0,0,0,-1,0.0
1660,46099,1012.33,33.95,0.01,3.97,-1.51,-0.89,1.79,0.34,1.02,-3.46,0,0.0,0.0,0.0,0,0,-1,0.0
1680,46602,1012.36,33.96,-0.28,3.1,-1.44,-0.91,1.86,4.25,0.35,8.62,0,0.0,0.0,0.0,0,0,-1,0.0
1700,47109,1012.33,33.96,0.01,3.67,-1.46,-0.86,1.79,2.05,-0.14,10.87,0,0.0,0.0,0.0,0,0,-1,0.0
1720,47611,1012.33,33.96,-0.01,3.58,-1.51,-0.9,1.77,3.94,5.05,13.8,0,0.0,0.0,0.0,0,0,-1,0.0
1740,48119,1012.31,33.96,0.18,3.75,-1.44,-0.89,1.84,0.71,1.45,6.73,0,0.0,0.0,0.0,0,0,-1,0.0
1760,48619,1012.29,33.96,0.31,3.9,-1.41,-0.88,1.8,1.32,0.66,10.51,0,0.0,0.0,0.0,0,0,-1,0.0
1780,49127,1012.34,33.97,-0.1,3.74,-1.39,-0.86,1.8,2.11,2.0,9.35,0,0.0,0.0,0.0,0,0,-1,0.0
1800,49627,1012.33,33.97,-0.03,3.85,-1.39,-0.85,1.78,4.0,1.69,10.93,0,0.0,0.0,0.0,0,0,-1,0.0
1820,50134,1012.34,33.97,-0.09,3.65,-1.42,-0.85,1.8,1.75,0.47,4.04,0,0.0,0.0,0.0,0,0,-1,0.0
1840,50634,1012.35,33.97,-0.2,3.57,-1.41,-0.85,1.79,1.08,1.08,4.53,0,0.0,0.0,0.0,0,0,-1,0.0
1860,51142,1012.34,33.97,-0.06,3.74,-1.41,-0.84,1.79,1.93,2.12,5.14,0,0.0,0.0,0.0,0,0,-1,0.0
1880,51642,1012.33,33.98,0.01,3.58,-1.38,-0.87,1.8,2.05,-0.08,11.97,0,0.0,0.0,0.0,0,0,-1,0.0
1900,52150,1012.35,33.98,-0.13,3.5,-1.42,-0.84,1.81,-1.12,2.91,0.99,0,0.0,0.0,0.0,0,0,-1,0.0
20,4818,1012.37,34.0,-0.2,-2.18,-0.05,-0.23,-0.13,0.71,5.48,-3.07,0,0.0,0.0,0.0,0,0,-1,0.0
40,5332,1012.47,34.02,-1.04,-4.51,0.1,-0.11,-0.02,-0.21,2.07,-0.94,0,0.0,0.0,0.0,0,0,-1,0.0
60,5832,1012.39,34.03,-0.42,-5.34,0.02,-0.16,0.02,-0.33,1.82,-6.24,0,0.0,0.0,0.0,0,0,-1,0.0
80,6346,1012.46,34.03,-1.0,-5.66,0.0,-0.22,-0.11,-3.93,0.18,-0.57,0,0.0,0.0,0.0,0,0,-1,0.0
100,6846,1012.38,34.03,-0.32,-4.55,0.11,0.01,0.01,-6.06,-7.5,-11.97,0,0.0,0.0,0.0,0,0,-1,0.0
120,7358,1012.4,34.04,-0.51,-4.41,-0.0,-0.13,-0.01,-0.57,-2.44,0.83,0,0.0,0.0,0.0,0,0,-1,0.0
140,7858,1012.38,34.04,-0.29,-4.52,0.12,-0.19,-0.02,0.65,2.92,1.2,0,0.0,0.0,0.0,0,0,-1,0.0
160,8369,1012.4,34.04,-0.5,-4.89,0.02,-0.13,-0.01,-1.67,1.89,-4.11,0,0.0,0.0,0.0,0,0,-1,0.0
180,8869,1012.38,34.04,-0.29,-4.77,0.03,-0.11,-0.0,-0.09,-2.69,0.28,0,0.0,0.0,0.0,0,0,-1,0.0
200,9379,1012.22,34.05,1.04,-3.29,0.07,-0.04,0.11,2.29,7.56,-19.72,0,0.0,0.0,0.0,0,0,-1,0.0
220,9879,1012.22,34.05,1.04,-3.98,0.07,-0.2,0.03,-1.92,7.31,11.87,0,0.0,0.0,0.0,0,0,-1,0.0
240,10385,1012.35,34.05,-0.05,-6.3,0.06,-0.14,0.01,0.04,1.21,1.75,0,0.0,0.0,0.0,0,0,-1,0.0
260,10885,1012.35,34.06,-0.09,-5.73,-0.01,-0.13,-0.02,0.22,-0.61,-13.62,0,0.0,0.0,0.0,0,0,-1,0.0
280,11394,1012.35,34.06,-0.1,-4.98,-0.02,-0.13,-0.01,0.89,0.73,0.28,0,0.0,0.0,0.0,0,0,-1,0.0
300,11894,1012.37,34.06,-0.27,-5.14,0.07,-0.14,-0.04,-2.77,-0.37,3.88,0,0.0,0.0,0.0,0,0,-1,0.0
320,12408,1012.38,34.06,-0.35,-5.01,0.09,-0.14,0.01,-2.77,3.35,7.36,0,0.0,0.0,0.0,0,0,-1,0.0
340,12908,1012.34,34.07,0.03,-4.72,-0.02,-0.09,0.07,3.08,5.06,6.62,0,0.0,0.0,0.0,0,0,-1,0.0
360,13422,1012.38,34.06,-0.32,-4.21,0.1,-0.14,-0.15,-3.68,-0.37,3.58,0,0.0,0.0,0.0,0,0,-1,0.0
380,13922,1012.35,34.07,-0.08,-5.51,0.09,-0.17,-0.02,-0.7,4.2,3.76,0,0.0,0.0,0.0,0,0,-1,0.0
400,14437,1012.35,34.07,-0.05,-5.05,0.05,-0.17,0.01,1.93,1.89,8.39,0,0.0,0.0,0.0,0,0,-1,0.0
420,14937,1012.35,34.08,-0.09,-4.91,0.06,-0.15,-0.02,-1.31,3.59,-0.39,0,0.0,0.0,0.0,0,0,-1,0.0
440,15451,1012.38,34.08,-0.2,-4.88,0.11,-0.19,-0.01,-1.12,-4.33,0.16,0,0.0,0.0,0.0,0,0,-1,0.0
460,15952,1012.36,34.08,-0.16,-5.08,0.07,-0.13,-0.02,-2.46,0.18,1.5,0,0.0,0.0,0.0,0,0,-1,0.0
480,16465,1012.36,34.09,-0.18,-4.87,0.06,-0.18,-0.01,-0.76,1.4,0.83,0,0.0,0.0,0.0,0,0,-1,0.0
500,16967,1012.35,34.09,-0.04,-4.57,0.06,-0.13,-0.01,-0.7,2.31,1.08,0,0.0,0.0,0.0,0,0,-1,0.0
520,17478,1012.39,34.09,-0.38,-5.01,0.05,-0.13,-0.04,-1.43,-1.47,0.4,0,0.0,0.0,0.0,0,0,-1,0.0
20,4818,1012.37,34.11,-0.26,-1.97,-0.01,-0.06,0.12,1.05,0.44,1.21,0,0.0,0.0,0.0,0,0,-1,0.0
40,5328,1012.37,34.11,-0.27,-3.72,-0.04,-0.05,0.12,1.3,0.37,0.6,0,0.0,0.0,0.0,0,0,-1,0.0
10440,267806,1012.46,38.67,0.03,3.08,-1.5,-0.74,1.68,1.37,-0.63,-3.37,0,0.0,0.0,0.0,0,0,-1,0.0
10460,268320,1012.47,38.67,0.01,3.31,-1.51,-0.68,1.68,0.21,4.25,-2.15,0,0.0,0.0,0.0,0,0,-1,0.0
10480,268820,1012.45,38.68,0.17,3.26,-1.61,-0.78,1.7,-1.32,-1.55,6.08,0,0.0,0.0,0.0,0,0,-1,0.0
10500,269335,1012.44,38.68,0.19,3.36,-1.68,-0.64,1.69,1.12,1.69,-0.2,0,0.0,0.0,0.0,0,0,-1,0.0
10520,269835,1012.42,38.68,0.42,3.47,-1.75,-0.81,1.7,-12.17,3.33,10.96,0,0.0,0.0,0.0,0,0,-1,0.0
10540,270349,1012.45,38.68,0.12,3.19,-1.61,-0.68,1.69,-1.68,-0.75,4.43,0,0.0,0.0,0.0,0,0,-1,0.0
10560,270849,1012.43,38.69,0.34,3.4,-1.55,-0.62,1.68,1.49,1.69,-0.32,0,0.0,0.0,0.0,0,0,-1,0.0
10580,271363,1012.43,38.69,0.31,3.41,-1.52,-0.65,1.68,0.21,5.65,1.57,0,0.0,0.0,0.0,0,0,-1,0.0
10600,271863,1012.47,38.71,0.0,3.05,-1.68,-0.6,1.69,5.76,1.5,25.71,0,0.0,0.0,0.0,0,0,-1,0.0
10620,272377,1012.48,38.71,-0.07,3.1,-1.59,-0.7,1.68,0.33,1.32,-1.06,0,0.0,0.0,0.0,0,0,-1,0.0
10640,272877,1012.45,38.71,0.16,3.24,-1.53,-0.72,1.68,-0.04,0.95,-1.48,0,0.0,0.0,0.0,0,0,-1,0.0
10660,273391,1012.46,38.71,0.08,3.33,-1.56,-0.72,1.68,1.43,2.3,-1.42,0,0.0,0.0,0.0,0,0,-1,0.0
10680,273891,1012.45,38.71,0.15,3.37,-1.49,-0.69,1.68,-1.38,-0.33,-1.73,0,0.0,0.0,0.0,0,0,-1,0.0
10700,274406,1012.43,38.72,0.3,3.46,-1.55,-0.69,1.68,-0.89,1.02,-1.12,0,0.0,0.0,0.0,0,0,-1,0.0
10720,274906,1012.44,38.72,0.26,3.36,-1.63,-0.68,1.69,1.98,2.97,-9.04,0,0.0,0.0,0.0,0,0,-1,0.0
10740,275420,1012.45,38.72,0.15,3.12,-1.58,-0.72,1.68,0.51,2.72,-8.68,0,0.0,0.0,0.0,0,0,-1,0.0
10760,275920,1012.47,38.72,-0.01,3.17,-1.56,-0.73,1.68,1.0,2.24,0.83,0,0.0,0.0,0.0,0,0,-1,0.0
10780,276435,1012.42,38.72,0.39,3.43,-1.55,-0.71,1.68,2.1,1.87,-1.36,0,0.0,0.0,0.0,0,0,-1,0.0
10800,276935,1012.45,38.72,0.13,3.22,-1.56,-0.73,1.69,1.92,1.38,-0.57,0,0.0,0.0,0.0,0,0,-1,0.0
10820,277449,1012.45,38.73,0.17,3.19,-1.55,-0.71,1.68,1.18,1.99,-1.18,0,0.0,0.0,0.0,0,0,-1,0.0
10840,277950,1012.44,38.74,0.2,3.34,-1.55,-0.72,1.68,0.33,1.69,-1.36,0,0.0,0.0,0.0,0,0,-1,0.0
10860,278463,1012.42,38.74,0.41,3.39,-1.55,-0.71,1.68,0.51,1.69,-1.3,0,0.0,0.0,0.0,0,0,-1,0.0
10880,278965,1012.44,38.74,0.25,3.28,-1.55,-0.74,1.68,0.39,1.81,-1.36,0,0.0,0.0,0.0,0,0,-1,0.0
10900,279478,1012.47,38.75,-0.05,2.85,-1.57,-0.69,1.68,1.37,2.17,-1.3,0,0.0,0.0,0.0,0,0,-1,0.0
10920,279980,1012.43,38.75,0.28,3.27,-1.55,-0.7,1.68,0.82,1.93,-1.36,0,0.0,0.0,0.0,0,0,-1,0.0
10940,280492,1012.44,38.75,0.25,3.33,-1.55,-0.71,1.68,0.45,1.69,-1.24,0,0.0,0.0,0.0,0,0,-1,0.0
10960,280995,1012.43,38.75,0.28,3.09,-1.55,-0.72,1.68,0.57,1.81,-1.36,0,0.0,0.0,0.0,0,0,-1,0.0
10980,281507,1012.45,38.75,0.15,3.09,-1.54,-0.71,1.68,0.57,1.87,-1.48,0,0.0,0.0,0.0,0,0,-1,0.0
11000,282010,1012.47,38.76,-0.03,3.28,-1.54,-0.71,1.68,0.45,1.63,-1.3,0,0.0,0.0,0.0,0,0,-1,0.0
11020,282521,1012.43,38.76,0.3,3.32,-1.56,-0.72,1.68,0.64,1.26,-1.24,0,0.0,0.0,0.0,0,0,-1,0.0
11040,283025,1012.46,38.76,0.05,3.3,-1.57,-0.71,1.69,0.88,1.87,-1.24,0,0.0,0.0,0.0,0,0,-1,0.0
11060,283536,1012.46,38.76,0.04,3.23,-1.53,-0.71,1.68,0.7,1.69,-1.3,0,0.0,0.0,0.0,0,0,-1,0.0
11080,284040,1012.47,38.77,0.02,3.21,-1.74,-0.61,1.7,-4.55,-6.55,-1.48,0,0.0,0.0,0.0,0,0,-1,0.0
11100,284548,1012.45,38.77,0.14,3.48,-1.48,-0.97,1.74,-18.88,4.55,-6.97,0,0.0,0.0,0.0,0,0,-1,0.0
11120,285053,1012.5,38.78,-0.23,3.07,-1.39,-0.82,1.67,0.51,2.11,-2.52,0,0.0,0.0,0.0,0,0,-1,0.0
11140,285562,1012.45,38.78,0.15,3.24,-1.49,-0.81,1.67,5.27,2.91,-1.85,0,0.0,0.0,0.0,0,0,-1,0.0
11160,286067,1012.49,38.78,-0.22,3.0,-1.49,-0.75,1.68,5.21,2.78,-3.43,0,0.0,0.0,0.0,0,0,-1,0.0
11180,286575,1012.49,38.79,-0.15,3.02,-1.59,-0.7,1.68,-2.72,0.95,-1.97,0,0.0,0.0,0.0,0,0,-1,0.0
38600,981969,1012.39,41.23,0.63,3.44,-1.65,-0.69,1.69,0.57,2.05,-1.36,0,0.0,0.0,0.0,0,0,-1,0.0
38620,982482,1012.42,41.24,0.41,3.31,-1.65,-0.69,1.69,0.7,1.75,-1.36,0,0.0,0.0,0.0,0,0,-1,0.0
38640,982984,1012.43,41.24,0.35,3.1,-1.65,-0.69,1.69,0.57,1.75,-1.24,0,0.0,0.0,0.0,0,0,-1,0.0
38680,984000,1012.4,41.23,0.54,3.41,-1.65,-0.69,1.69,0.57,1.75,-1.24,0,0.0,0.0,0.0,0,0,-1,0.0
38700,984509,1012.38,41.24,0.76,3.63,-1.65,-0.69,1.69,0.57,1.75,-1.36,0,0.0,0.0,0.0,0,0,-1,0.0
38720,985016,1012.43,41.24,0.35,3.37,-1.65,-0.69,1.69,0.7,1.75,-1.24,0,0.0,0.0,0.0,0,0,-1,0.0
38740,985531,1012.38,41.24,0.75,3.29,-1.65,-0.69,1.69,0.57,1.63,-1.42,0,0.0,0.0,0.0,0,0,-1,0.0
38760,986031,1012.41,41.24,0.5,3.04,-1.65,-0.69,1.69,0.57,1.75,-1.3,0,0.0,0.0,0.0,0,0,-1,0.0
38780,986547,1012.42,41.24,0.41,3.18,-1.66,-0.69,1.69,0.7,1.87,-1.24,0,0.0,0.0,0.0,0,0,-1,0.0
38800,987047,1012.39,41.24,0.64,3.31,-1.65,-0.69,1.69,0.64,1.81,-1.24,0,0.0,0.0,0.0,0,0,-1,0.0
38820,987562,1012.41,41.24,0.5,3.32,-1.65,-0.69,1.69,0.64,1.69,-1.3,0,0.0,0.0,0.0,0,0,-1,0.0
38840,988062,1012.39,41.24,0.62,3.06,-1.65,-0.69,1.69,0.57,1.56,-1.36,0,0.0,0.0,0.0,0,0,-1,0.0
38860,988578,1012.39,41.24,0.68,3.42,-1.65,-0.69,1.68,0.7,1.75,-1.24,0,0.0,0.0,0.0,0,0,-1,0.0
38880,989078,1012.38,41.24,0.73,3.52,-1.65,-0.69,1.69,0.76,1.81,-1.3,0,0.0,0.0,0.0,0,0,-1,0.0
38900,989593,1012.4,41.25,0.57,3.41,-1.65,-0.7,1.69,0.57,1.69,-1.36,0,0.0,0.0,0.0,0,0,-1,0.0
38920,990093,1012.39,41.25,0.62,3.11,-1.65,-0.69,1.69,0.64,1.75,-1.36,0,0.0,0.0,0.0,0,0,-1,0.0
38940,990605,1012.39,41.24,0.62,3.28,-1.65,-0.69,1.69,0.57,1.69,-1.3,0,0.0,0.0,0.0,0,0,-1,0.0
38960,991109,1012.41,41.25,0.46,3.15,-1.65,-0.69,1.69,0.45,1.81,-1.3,0,0.0,0.0,0.0,0,0,-1,0.0
38980,991625,1012.43,41.25,0.34,2.99,-1.65,-0.69,1.69,0.57,1.87,-1.24,0,0.0,0.0,0.0,0,0,-1,0.0
39000,992125,1012.38,41.25,0.71,3.5,-1.65,-0.69,1.69,0.51,1.87,-1.3,0,0.0,0.0,0.0,0,0,-1,0.0
39020,992640,1012.37,41.25,0.79,3.51,-1.65,-0.69,1.69,0.57,1.93,-1.3,0,0.0,0.0,0.0,0,0,-1,0.0
39040,993140,1012.39,41.24,0.66,3.47,-1.65,-0.69,1.69,0.64,1.75,-1.3,0,0.0,0.0,0.0,0,0,-1,0.0
39060,993655,1012.41,41.25,0.51,3.25,-1.65,-0.69,1.69,0.57,1.69,-1.3,0,0.0,0.0,0.0,0,0,-1,0.0
39080,994156,1012.37,41.25,0.81,3.3,-1.65,-0.69,1.69,0.64,1.69,-1.3,0,0.0,0.0,0.0,0,0,-1,0.0
39100,994671,1012.36,41.25,0.86,3.5,-1.65,-0.69,1.69,0.57,1.75,-1.36,0,0.0,0.0,0.0,0,0,-1,0.0
39120,995172,1012.38,41.25,0.74,3.37,-1.65,-0.69,1.69,0.57,1.75,-1.36,0,0.0,0.0,0.0,0,0,-1,0.0
39140,995686,1012.41,41.25,0.5,3.24,-1.65,-0.69,1.69,0.64,1.75,-1.18,0,0.0,0.0,0.0,0,0,-1,0.0
39160,996186,1012.4,41.26,0.57,3.14,-1.65,-0.69,1.69,0.57,1.75,-1.24,0,0.0,0.0,0.0,0,0,-1,0.0
39180,996701,1012.38,41.24,0.75,3.52,-1.67,-0.69,1.69,0.27,2.6,-2.27,0,0.0,0.0,0.0,0,0,-1,0.0
39200,997203,1012.42,41.26,0.43,3.21,-1.67,-0.69,1.69,1.06,2.05,-2.64,0,0.0,0.0,0.0,0,0,-1,0.0
39220,997716,1012.42,41.26,0.38,3.41,-1.61,-0.7,1.74,-1.8,6.08,-10.87,0,0.0,0.0,0.0,0,0,-1,0.0
39240,998219,1012.39,41.26,0.61,3.44,-1.7,-0.7,1.69,-4.61,0.16,7.6,0,0.0,0.0,0.0,0,0,-1,0.0
39260,998731,1012.4,41.26,0.59,3.49,-1.64,-0.68,1.71,0.57,0.89,1.14,0,0.0,0.0,0.0,0,0,-1,0.0
39280,999235,1012.38,41.26,0.7,3.35,-1.66,-0.68,1.71,1.92,1.02,-3.07,0,0.0,0.0,0.0,0,0,-1,0.0
39300,999747,1012.42,41.26,0.39,3.23,-1.67,-0.71,1.73,4.54,0.71,3.82,0,0.0,0.0,0.0,0,0,-1,0.0
39320,1000251,1012.38,41.26,0.75,3.25,-1.62,-0.64,1.58,-0.65,3.82,-3.86,0,0.0,0.0,0.0,0,0,-1,0.0
39340,1000762,1012.39,41.26,0.73,3.38,-1.6,-0.66,1.7,2.1,12.78,-3.07,0,0.0,0.0,0.0,0,0,-1,0.0
39360,1001267,1012.37,41.26,0.86,3.35,-1.69,-0.66,1.67,-8.21,-5.51,8.64,0,0.0,0.0,0.0,0,0,-1,0.0
39380,1001777,1012.41,41.26,0.52,3.19,-1.62,-0.7,1.69,2.04,3.21,-0.26,0,0.0,0.0,0.0,0,0,-1,0.0
39400,1002277,1012.4,41.26,0.59,3.09,-1.63,-0.69,1.69,0.09,2.24,-7.09,0,0.0,0.0,0.0,0,0,-1,0.0
39920,1015489,1012.39,41.3,0.63,3.42,-1.61,-0.64,1.68,0.88,1.63,-2.15,0,0.0,0.0,0.0,0,0,-1,0.0
40000,1017522,1012.4,41.29,0.6,3.36,-1.62,-0.65,1.68,0.33,1.99,-1.48,0,0.0,0.0,0.0,0,0,-1,0.0
40020,1018024,1012.38,41.29,0.76,3.36,-1.61,-0.65,1.69,2.89,1.5,-0.93,0,0.0,0.0,0.0,0,0,-1,0.0
40040,1018539,1012.41,41.3,0.48,2.98,-1.62,-0.66,1.68,0.88,1.14,-1.85,0,0.0,0.0,0.0,0,0,-1,0.0
40060,1019039,1012.4,41.29,0.53,2.99,-1.62,-0.65,1.69,-0.04,1.2,-1.24,0,0.0,0.0,0.0,0,0,-1,0.0
40080,1019554,1012.4,41.3,0.55,3.3,-1.61,-0.65,1.69,-0.1,1.44,-1.79,0,0.0,0.0,0.0,0,0,-1,0.0
40100,1020054,1012.41,41.3,0.6,3.44,-1.6,-0.63,1.68,1.49,1.08,-1.06,0,0.0,0.0,0.0,0,0,-1,0.0
40120,1020564,1012.39,41.3,0.66,3.4,-1.61,-0.64,1.69,2.59,1.2,-1.3,0,0.0,0.0,0.0,0,0,-1,0.0
40140,1021069,1012.42,41.3,0.37,3.13,-1.6,-0.64,1.68,-0.95,0.59,-0.32,0,0.0,0.0,0.0,0,0,-1,0.0
40160,1021584,1012.4,41.31,0.56,3.47,-1.61,-0.63,1.68,-0.4,2.54,-3.07,0,0.0,0.0,0.0,0,0,-1,0.0
40180,1022084,1012.39,41.3,0.62,3.38,-1.61,-0.65,1.7,4.29,1.69,-1.79,0,0.0,0.0,0.0,0,0,-1,0.0
40200,1022600,1012.4,41.3,0.56,3.21,-1.59,-0.66,1.67,0.82,1.93,-0.81,0,0.0,0.0,0.0,0,0,-1,0.0
40220,1023100,1012.38,41.31,0.75,3.39,-1.61,-0.64,1.68,0.51,1.75,-1.24,0,0.0,0.0,0.0,0,0,-1,0.0
40240,1023615,1012.41,41.31,0.47,3.05,-1.59,-0.64,1.67,0.39,-0.2,-0.93,0,0.0,0.0,0.0,0,0,-1,0.0
40260,1024115,1012.43,41.31,0.31,3.1,-1.61,-0.66,1.68,0.57,2.91,-3.13,0,0.0,0.0,0.0,0,0,-1,0.0
40280,1024630,1012.39,41.31,0.62,3.35,-1.6,-0.63,1.67,0.51,1.2,-1.18,0,0.0,0.0,0.0,0,0,-1,0.0
40300,1025130,1012.4,41.31,0.53,3.19,-1.62,-0.63,1.68,1.61,2.97,-1.79,0,0.0,0.0,0.0,0,0,-1,0.0
40320,1025646,1012.38,41.31,0.7,3.28,-1.61,-0.64,1.69,0.51,1.81,-1.42,0,0.0,0.0,0.0,0,0,-1,0.0
40340,1026146,1012.4,41.31,0.54,3.3,-1.62,-0.63,1.66,2.1,0.28,-1.36,0,0.0,0.0,0.0,0,0,-1,0.0
40360,1026660,1012.41,41.32,0.49,3.35,-1.61,-0.63,1.68,0.27,2.54,-0.63,0,0.0,0.0,0.0,0,0,-1,0.0
40380,1027163,1012.37,41.32,0.82,3.33,-1.62,-0.64,1.67,-0.16,2.36,-0.87,0,0.0,0.0,0.0,0,0,-1,0.0
40400,1027678,1012.39,41.32,0.68,3.32,-1.61,-0.63,1.68,0.57,2.24,-0.45,0,0.0,0.0,0.0,0,0,-1,0.0
40420,1028179,1012.38,41.32,0.75,3.57,-1.61,-0.65,1.71,-4.55,0.47,-1.42,0,0.0,0.0,0.0,0,0,-1,0.0
40440,1028693,1012.38,41.32,0.71,3.25,-1.6,-0.63,1.68,0.7,2.72,-2.03,0,0.0,0.0,0.0,0,0,-1,0.0
40460,1029195,1012.41,41.32,0.49,3.15,-1.62,-0.66,1.69,1.98,1.93,-0.51,0,0.0,0.0,0.0,0,0,-1,0.0
40480,1029708,1012.44,41.33,0.24,3.05,-1.61,-0.66,1.69,-0.65,1.69,-1.91,0,0.0,0.0,0.0,0,0,-1,0.0
40500,1030211,1012.41,41.33,0.47,3.17,-1.63,-0.65,1.69,-0.1,2.66,-1.54,0,0.0,0.0,0.0,0,0,-1,0.0
40520,1030724,1012.42,41.33,0.42,3.31,-1.62,-0.66,1.68,1.31,2.11,-1.42,0,0.0,0.0,0.0,0,0,-1,0.0
40540,1031227,1012.43,41.33,0.29,3.3,-1.63,-0.67,1.69,1.06,1.5,-0.93,0,0.0,0.0,0.0,0,0,-1,0.0
40560,1031739,1012.4,41.33,0.56,3.43,-1.62,-0.67,1.69,1.31,2.05,-1.48,0,0.0,0.0,0.0,0,0,-1,0.0
40580,1032239,1012.44,41.33,0.27,3.08,-1.63,-0.66,1.68,1.43,0.83,-0.69,0,0.0,0.0,0.0,0,0,-1,0.0
40600,1032754,1012.43,41.34,0.31,3.13,-1.62,-0.66,1.69,0.7,1.99,-1.42,0,0.0,0.0,0.0,0,0,-1,0.0
40620,1033259,1012.44,41.33,0.25,3.4,-1.62,-0.66,1.68,-0.16,1.87,-0.93,0,0.0,0.0,0.0,0,0,-1,0.0
40640,1033770,1012.42,41.33,0.42,3.44,-1.61,-0.66,1.68,-0.16,2.42,-1.3,0,0.0,0.0,0.0,0,0,-1,0.0
40660,1034275,1012.43,41.34,0.33,3.48,-1.63,-0.66,1.68,-0.22,1.2,-1.24,0,0.0,0.0,0.0,0,0,-1,0.0
40680,1034785,1012.43,41.33,0.34,3.21,-1.62,-0.66,1.68,0.33,2.11,-1.85,0,0.0,0.0,0.0,0,0,-1,0.0
40700,1035291,1012.4,41.34,0.56,3.19,-1.63,-0.66,1.68,0.7,1.44,-0.81,0,0.0,0.0,0.0,0,0,-1,0.0
40720,1035800,1012.41,41.34,0.52,3.33,-1.63,-0.66,1.68,0.57,2.17,-1.18,0,0.0,0.0,0.0,0,0,-1,0.0
40740,1036307,1012.41,41.34,0.46,3.27,-1.62,-0.66,1.69,0.39,2.11,-1.67,0,0.0,0.0,0.0,0,0,-1,0.0
40760,1036816,1012.41,41.33,0.48,3.38,-1.62,-0.66,1.68,0.21,1.26,-0.93,0,0.0,0.0,0.0,0,0,-1,0.0
40780,1037323,1012.44,41.34,0.2,3.14,-1.62,-0.67,1.68,0.88,1.56,-1.3,0,0.0,0.0,0.0,0,0,-1,0.0
40800,1037831,1012.39,41.34,0.66,3.65,-1.63,-0.66,1.7,0.27,1.93,-0.57,0,0.0,0.0,0.0,0,0,-1,0.0
40820,1038332,1012.41,41.35,0.44,3.31,-1.61,-0.67,1.68,0.21,2.54,-1.67,0,0.0,0.0,0.0,0,0,-1,0.0
40840,1038846,1012.42,41.34,0.37,3.09,-1.66,-0.68,1.71,1.92,0.95,-1.48,0,0.0,0.0,0.0,0,0,-1,0.0
40860,1039354,1012.43,41.35,0.29,3.39,-1.64,-0.66,1.68,1.0,3.88,-2.46,0,0.0,0.0,0.0,0,0,-1,0.0
40880,1039861,1012.42,41.34,0.39,3.2,-1.63,-0.65,1.68,0.88,0.77,-1.3,0,0.0,0.0,0.0,0,0,-1,0.0
40900,1040370,1012.42,41.34,0.43,3.3,-1.63,-0.66,1.69,0.45,2.11,-1.24,0,0.0,0.0,0.0,0,0,-1,0.0
40920,1040876,1012.41,41.34,0.49,3.41,-1.63,-0.65,1.69,0.51,1.75,-1.06,0,0.0,0.0,0.0,0,0,-1,0.0
40940,1041385,1012.42,41.34,0.39,3.31,-1.63,-0.65,1.67,0.09,1.08,-0.99,0,0.0,0.0,0.0,0,0,-1,0.0
40960,1041891,1012.42,41.35,0.38,3.16,-1.64,-0.67,1.7,1.43,3.27,-1.6,0,0.0,0.0,0.0,0,0,-1,0.0
40980,1042401,1012.41,41.35,0.43,3.35,-1.64,-0.64,1.68,-0.83,2.17,-1.18,0,0.0,0.0,0.0,0,0,-1,0.0
41000,1042906,1012.43,41.35,0.32,3.08,-1.61,-0.66,1.66,0.27,0.47,-0.69,0,0.0,0.0,0.0,0,0,-1,0.0
41020,1043417,1012.4,41.35,0.53,3.5,-1.65,-0.66,1.68,-0.16,3.03,-1.12,0,0.0,0.0,0.0,0,0,-1,0.0
41040,1043922,1012.43,41.35,0.3,3.28,-1.62,-0.66,1.67,1.55,2.3,-1.67,0,0.0,0.0,0.0,0,0,-1,0.0
41060,1044427,1012.39,41.36,0.62,3.34,-1.63,-0.67,1.69,0.7,1.26,-0.93,0,0.0,0.0,0.0,0,0,-1,0.0
41080,1044938,1012.4,41.36,0.53,3.29,-1.63,-0.67,1.69,2.95,1.2,-2.7,0,0.0,0.0,0.0,0,0,-1,0.0
41100,1045450,1012.41,41.36,0.48,3.32,-1.63,-0.66,1.69,-1.07,1.69,-1.3,0,0.0,0.0,0.0,0,0,-1,0.0
41120,1045953,1012.43,41.36,0.33,3.04,-1.65,-0.65,1.7,1.85,3.03,-6.42,0,0.0,0.0,0.0,0,0,-1,0.0
41140,1046465,1012.44,41.37,0.23,3.26,-1.64,-0.7,1.68,1.79,-3.74,-0.14,0,0.0,0.0,0.0,0,0,-1,0.0
41160,1046968,1012.41,41.37,0.49,3.49,-1.58,-0.67,1.66,-2.54,6.93,0.47,0,0.0,0.0,0.0,0,0,-1,0.0
41180,1047481,1012.39,41.37,0.65,3.5,-1.68,-0.66,1.67,1.98,4.19,3.7,0,0.0,0.0,0.0,0,0,-1,0.0
41200,1047983,1012.39,41.36,0.66,3.44,-1.61,-0.67,1.68,-1.07,0.04,-5.75,0,0.0,0.0,0.0,0,0,-1,0.0
41220,1048497,1012.38,41.37,0.72,3.39,-1.65,-0.66,1.67,3.75,3.94,-0.69,0,0.0,0.0,0.0,0,0,-1,0.0
41240,1048999,1012.43,41.36,0.32,2.92,-1.64,-0.67,1.67,0.7,-0.45,-1.36,0,0.0,0.0,0.0,0,0,-1,0.0
41260,1049513,1012.37,41.37,0.81,3.5,-1.63,-0.67,1.71,0.03,4.61,-2.95,0,0.0,0.0,0.0,0,0,-1,0.0
41280,1050015,1012.41,41.37,0.49,3.46,-1.61,-0.65,1.68,1.79,-2.28,-0.38,0,0.0,0.0,0.0,0,0,-1,0.0
41300,1050524,1012.39,41.37,0.62,3.47,-1.59,-0.64,1.69,0.64,-1.36,-2.15,0,0.0,0.0,0.0,0,0,-1,0.0
41320,1051031,1012.39,41.37,0.66,3.31,-1.6,-0.64,1.69,0.09,0.16,-2.27,0,0.0,0.0,0.0,0,0,-1,0.0
41340,1051547,1012.41,41.37,0.52,3.18,-1.57,-0.64,1.68,0.51,2.72,-2.03,0,0.0,0.0,0.0,0,0,-1,0.0
41360,1052047,1012.41,41.38,0.64,3.2,-1.59,-0.64,1.69,1.12,2.36,-2.15,0,0.0,0.0,0.0,0,0,-1,0.0
41380,1052562,1012.41,41.37,0.47,3.12,-1.6,-0.66,1.69,-0.46,1.99,-2.03,0,0.0,0.0,0.0,0,0,-1,0.0
41400,1053062,1012.41,41.38,0.51,3.15,-1.58,-0.65,1.71,0.51,4.13,-2.21,0,0.0,0.0,0.0,0,0,-1,0.0
41420,1053577,1012.41,41.38,0.5,3.43,-1.61,-0.64,1.61,2.22,0.83,0.77,0,0.0,0.0,0.0,0,0,-1,0.0
41440,1054077,1012.42,41.38,0.42,3.1,-1.57,-0.63,1.59,-0.77,-0.69,0.83,0,0.0,0.0,0.0,0,0,-1,0.0
41460,1054591,1012.43,41.38,0.31,3.04,-1.59,-0.64,1.64,0.51,0.95,-0.75,0,0.0,0.0,0.0,0,0,-1,0.0
41480,1055091,1012.41,41.38,0.5,3.26,-1.59,-0.64,1.68,3.87,2.36,-1.73,0,0.0,0.0,0.0,0,0,-1,0.0
41500,1055606,1012.4,41.38,0.57,3.24,-1.56,-0.64,1.66,1.67,-2.09,-0.38,0,0.0,0.0,0.0,0,0,-1,0.0
41520,1056106,1012.41,41.38,0.51,3.24,-1.59,-0.63,1.65,-0.65,-0.26,-0.2,0,0.0,0.0,0.0,0,0,-1,0.0
41540,1056618,1012.41,41.39,0.45,3.17,-1.58,-0.63,1.68,2.95,-3.19,1.2,0,0.0,0.0,0.0,0,0,-1,0.0
41560,1057121,1012.39,41.39,0.61,3.39,-1.58,-0.65,1.69,0.33,4.61,-2.52,0,0.0,0.0,0.0,0,0,-1,0.0
41580,1057636,1012.4,41.39,0.57,3.39,-1.59,-0.66,1.7,0.27,1.99,-0.93,0,0.0,0.0,0.0,0,0,-1,0.0
41600,1058136,1012.4,41.39,0.58,3.19,-1.59,-0.66,1.68,-1.01,4.49,-2.64,0,0.0,0.0,0.0,0,0,-1,0.0
41620,1058651,1012.42,41.39,0.41,3.31,-1.6,-0.66,1.69,0.76,-0.39,-0.57,0,0.0,0.0,0.0,0,0,-1,0.0
41640,1059152,1012.39,41.39,0.66,3.23,-1.59,-0.68,1.68,0.76,3.03,-1.42,0,0.0,0.0,0.0,0,0,-1,0.0
41660,1059665,1012.41,41.39,0.52,3.14,-1.59,-0.67,1.68,0.88,-0.26,-1.67,0,0.0,0.0,0.0,0,0,-1,0.0
41680,1060166,1012.39,41.39,0.66,3.47,-1.6,-0.67,1.7,-0.34,2.97,-1.67,0,0.0,0.0,0.0,0,0,-1,0.0
41700,1060678,1012.4,41.39,0.56,3.24,-1.6,-0.66,1.66,-0.22,3.33,-0.63,0,0.0,0.0,0.0,0,0,-1,0.0
41720,1061180,1012.38,41.4,0.7,3.56,-1.6,-0.69,1.69,1.12,3.03,0.16,0,0.0,0.0,0.0,0,0,-1,0.0
41740,1061692,1012.4,41.39,0.57,3.17,-1.64,-0.66,1.69,2.04,0.47,1.02,0,0.0,0.0,0.0,0,0,-1,0.0
41760,1062192,1012.39,41.39,0.62,3.43,-1.59,-0.63,1.69,-0.58,3.09,-1.73,0,0.0,0.0,0.0,0,0,-1,0.0
41780,1062706,1012.41,41.39,0.5,3.19,-1.6,-0.65,1.67,0.64,1.87,-0.51,0,0.0,0.0,0.0,0,0,-1,0.0
41800,1063209,1012.39,41.4,0.67,3.15,-1.61,-0.66,1.68,1.61,2.24,-1.06,0,0.0,0.0,0.0,0,0,-1,0.0
41820,1063722,1012.39,41.39,0.62,3.33,-1.62,-0.67,1.68,-0.1,1.14,-1.67,0,0.0,0.0,0.0,0,0,-1,0.0
41840,1064225,1012.42,41.4,0.39,3.1,-1.59,-0.71,1.68,-3.08,-0.2,-1.18,0,0.0,0.0,0.0,0,0,-1,0.0
41860,1064737,1012.41,41.4,0.51,3.34,-1.62,-0.67,1.68,-1.56,3.88,-2.52,0,0.0,0.0,0.0,0,0,-1,0.0
41880,1065241,1012.42,41.41,0.35,3.2,-1.61,-0.68,1.69,1.92,0.95,-1.54,0,0.0,0.0,0.0,0,0,-1,0.0
